chamado_id;solicitante;solicitante_email;solicitante_matricula;data_lancamento;situacao_descricao
20;José Renan São Bernardo da SIlva;renann005@gmail.com;201910306;2019-03-27 12:24:39;Resolvido
26;emerson;;101020;2019-03-27 15:43:26;Resolvido
30;Rafaela Oliveira Prazeres Dos Santos;;201910316;2019-03-27 21:35:46;Resolvido
31;silvia dias lima;;201910331;2019-03-27 21:37:22;Resolvido
35;Bruno da Silva Lima;;201820241;2019-03-27 22:49:38;Resolvido
36;Marlon Barreto da Silva Paranhos;;201910295;2019-03-27 22:50:25;Resolvido
43;;;;2019-03-28 14:37:34;Resolvido
47;MARCIO hENRIQUE cRUZ sILVA;;201910311;2019-03-28 22:10:10;Resolvido
